{
  "project_info": {
    "project_number": "846315270793",
    "project_id": "cuisinne",
    "storage_bucket": "cuisinne.appspot.com"
  },
  "client": [
    {
      "client_info": {
        "mobilesdk_app_id": "1:846315270793:android:dad392d22e67a9c4820c58",
        "android_client_info": {
          "package_name": "com.bastisapp.merchantapp"
        }
      },
      "oauth_client": [
        {
          "client_id": "846315270793-l178d9geou9u8f1lbhnq82g0kna0opif.apps.googleusercontent.com",
          "client_type": 3
        }
      ],
      "api_key": [
        {
          "current_key": "AIzaSyCwPuyki6xiZg6wHXcwfhL6_cL4xrdvhZ0"
        }
      ],
      "services": {
        "appinvite_service": {
          "other_platform_oauth_client": [
            {
              "client_id": "846315270793-l178d9geou9u8f1lbhnq82g0kna0opif.apps.googleusercontent.com",
              "client_type": 3
            }
          ]
        }
      }
    }
  ],
  "configuration_version": "1"
}